{
	"pages": [ //pages数组中第一项表示应用启动页，参考：https://uniapp.dcloud.io/collocation/pages
		{
			"path": "pages/index/index",
			"style": {
				"navigationBarTitleText": "uni-app"
			}
		}, {
			"path": "components/myaudio/myaudio",
			"style": {
				"navigationBarTitleText": "",
				"enablePullDownRefresh": false
			}
		}, {
			"path": "pages/type/type",
			"style": {
				"navigationBarTitleText": "",
				"enablePullDownRefresh": false
			}
		}, {
			"path": "pages/my/my",
			"style": {
				"navigationBarTitleText": "",
				"enablePullDownRefresh": false
			}
		},
		{
			"path": "pages/collection/collection",
			"style": {
				"navigationBarTitleText": "",
				"enablePullDownRefresh": false
			}
		}
	],
	"globalStyle": {
		"navigationBarTextStyle": "black",
		"navigationBarTitleText": "uni-app",
		"navigationBarBackgroundColor": "#F8F8F8",
		"backgroundColor": "#F8F8F8"
	},
	"tabBar": {
		"backgroundColor": "#FFFFFF",
		"borderStyle": "black",
		"color": "#BDBDBD",
		"selectedColor": "#009CFF",
		"list": [{
				// 默认显示的图片
				// "iconPath": "static/tabbar/index.png",
				//被选中时显示的图片
				// "selectedIconPath": "static/tabbar/index-selected.png",
				//被选中时跳转的路径
				"pagePath": "pages/index/index",
				//标签页名称
				"text": "首页"
			}, {
				// "iconPath": "static/tabbar/list.png",
				// "selectedIconPath": "static/tabbar/list-selected.png",
				"pagePath": "pages/type/type",
				"text": "分类"
			}, {
				// "iconPath": "static/tabbar/my.png",
				// "selectedIconPath": "static/tabbar/my-selected.png",
				"pagePath": "pages/collection/collection",
				"text": "收藏"
			},
			{
				// "iconPath": "static/tabbar/my.png",
				// "selectedIconPath": "static/tabbar/my-selected.png",
				"pagePath": "pages/my/my",
				"text": "我的"
			}
		]
	}
}
